case,baselineOutcome,baselineSeconds,baselineTrade,baselineExplored,baselineScoutVisited,baselineFirstFiveReadySeconds,baselineIncomeRatio300,baselineMexes300,candidateOutcome,candidateSeconds,candidateTrade,candidateExplored,candidateScoutVisited,candidateFirstFiveReadySeconds,candidateIncomeRatio300,candidateMexes300
adamantine_mountain_2-factoryjump-s0,LOSS,643.7,0.15055706112616682,0.6484375,0,,1.018126090841411,9,LOSS,1137.0,0.43914148545608583,0.76953125,0.51953125,190.93335,0.827223036559882,6
adamantine_mountain_2-factoryjump-s1,LOSS,1028.2,0.02800658978583196,0.66796875,0,,0.3589391117598255,3,LOSS,999.7,0.2702607470049331,0.828125,0.38671875,90.1666718,0.8387904656903171,8
adamantine_mountain_2-factoryspider-s0,LOSS,631.6,0.02126754572522331,0.546875,0,,0.5869415680870146,5,LOSS,668.9,0.28499641062455133,0.87109375,0.73046875,30.0000019,1.164954656208421,12
adamantine_mountain_2-factoryspider-s1,LOSS,524.8,0.08806262230919765,0.65625,0.02734375,,0.40353388268695833,4,LOSS,782.6,0.25578350065473593,0.87109375,0.6953125,30.0000019,0.8897637481310441,8
altair_crossing_v4-factorycloak-s0,LOSS,711.3,0.10810810810810811,0.4921875,0,,0.42448398963441736,1,LOSS,940.8,0.27457773928107404,0.88671875,0.67578125,60.0000038,0.5424847377884541,3
altair_crossing_v4-factorycloak-s1,LOSS,581.2,0.16988416988416988,0.55078125,0.12890625,,0.46235745993921484,3,LOSS,818.5,0.4444997511199602,0.875,0.66796875,80.1666718,0.6227104249913877,5
altair_crossing_v4-factoryveh-s0,LOSS,567.1,0.08205128205128205,0.4921875,0.05078125,,0.29707364339761105,1,LOSS,919.2,0.15088449531737774,0.82421875,0.48828125,60.0000038,1.0573745524469478,8
altair_crossing_v4-factoryveh-s1,LOSS,393.2,0.0,0.63671875,0,,0.32093153629662724,2,CENSORED,1200.0,0.07261794634597594,0.88671875,0.625,70.1666718,1.057679945202547,7
aquatic_divide_revised_v02-factoryamph-s0,LOSS,609.3,0.29198813056379824,0.61328125,0.16796875,,0.7491020689440699,4,LOSS,525.5,0.1568627450980392,0.71875,0.55078125,60.0000038,0.7835835404255319,6
aquatic_divide_revised_v02-factoryamph-s1,LOSS,435.7,0.029214850882531954,0.7109375,0,,0.48862318278416517,3,LOSS,847.0,0.29754768392370573,0.953125,0.58984375,60.0000038,0.6298026731985608,5
aquatic_divide_revised_v02-factoryhover-s0,CENSORED,1200.0,0.17725517725517725,0.93359375,0.25390625,,1.0484532777772995,9,LOSS,575.9,0.13132999443516974,0.73046875,0.1640625,140.400009,0.7635554081632653,7
aquatic_divide_revised_v02-factoryhover-s1,LOSS,526.1,0.04416839199447895,0.9375,0.5625,,0.7121085174048852,5,LOSS,798.0,0.3046495489243581,0.91796875,0.75390625,120.333336,0.7064670870171157,6
comet_catcher_redux_v3_1-factorytank-s0,LOSS,789.7,0.135709389993146,0.59765625,0.15234375,,1.322823439063884,16,LOSS,1023.0,0.10985526101805172,0.78515625,0.44921875,201.03334,0.6349341536162423,7
comet_catcher_redux_v3_1-factorytank-s1,LOSS,852.5,0.34229315413691724,0.66015625,0.30078125,,0.7800168926559624,10,LOSS,962.3,0.25875706214689265,0.8203125,0.375,190.633347,0.574972989516829,5
comet_catcher_redux_v3_1-factoryveh-s0,LOSS,830.3,0.31790886612504415,0.7109375,0.3359375,,1.5247440949583397,18,LOSS,975.0,0.2523886785649901,0.7734375,0.48046875,80.1333389,0.7434313476417582,7
comet_catcher_redux_v3_1-factoryveh-s1,LOSS,748.1,0.06768038163387001,0.65625,0.390625,,0.8533873468707805,9,LOSS,989.9,0.2471822774970851,0.87109375,0.5625,50.0000038,1.1918424662817688,12
folsomdamdeluxev4-factorycloak-s0,LOSS,1200.0,0.0047169811320754715,0.390625,0,,0.5607818797926297,5,CENSORED,1200.0,0.425,0.6484375,0.390625,60.0000038,1.6035417448543388,10
folsomdamdeluxev4-factorycloak-s1,CENSORED,1200.0,0.6792863359442994,0.515625,0.14453125,,1.5521839526089802,10,CENSORED,1200.0,0.5052527905449771,0.703125,0.375,60.0000038,1.185611101417554,8
folsomdamdeluxev4-factoryshield-s0,CENSORED,1200.0,0.051499118165784834,0.24609375,0,,0.5499457322818041,2,CENSORED,1200.0,0.1367758652600407,0.59765625,0.3359375,60.0000038,0.8986228868672907,10
folsomdamdeluxev4-factoryshield-s1,CENSORED,1200.0,0.023131672597864767,0.34375,0.0390625,,0.7895183391324574,8,CENSORED,1200.0,0.33175355450236965,0.57421875,0.31640625,60.0000038,1.3261448474730178,12
porky_islands-factoryamph-s0,LOSS,424.8,0.1509433962264151,0.11328125,0,,0.6201236295171842,3,CENSORED,1200.0,0.3128565160157964,0.8828125,0.5,60.0000038,2.7054831204608534,11
porky_islands-factoryamph-s1,CENSORED,1200.0,0.0647313980647314,0.76953125,0.30078125,,1.7010681953470692,13,CENSORED,1200.0,0.42920231852056306,0.890625,0.609375,60.0000038,1.404539618502447,14
porky_islands-factoryship-s0,LOSS,777.1,0.011843079200592153,0.19921875,0.015625,,0.2773261459007544,1,CENSORED,1200.0,0.5693993506493507,0.53515625,0,80.1333389,0.7568302572955281,5
porky_islands-factoryship-s1,LOSS,993.1,0.057893166219039095,0.55078125,0.01171875,,1.07894689651937,9,CENSORED,1200.0,0.3328649492583919,0.44140625,0,90.2333374,1.2569645716387596,12
red_comet_remake_1_7-factorycloak-s0,LOSS,947.3,0.1935871743486974,0.796875,0.34375,,1.0505342571027074,10,LOSS,681.7,0.14700285442435776,0.84765625,0.4453125,60.0000038,1.068138077868671,8
red_comet_remake_1_7-factorycloak-s1,LOSS,809.3,0.2489563567362429,0.70703125,0.11328125,,0.9345217303104887,11,LOSS,818.4,0.16976652156707558,0.80859375,0.53515625,60.0000038,0.8099374117888076,9
red_comet_remake_1_7-factoryveh-s0,LOSS,575.3,0.005745062836624776,0.53125,0.21484375,,0.4178654399900249,3,LOSS,672.4,0.015188834154351396,0.8984375,0.4296875,70.1333389,1.6674050440939652,13
red_comet_remake_1_7-factoryveh-s1,LOSS,589.8,0.04862444017914268,0.51171875,0.0546875,,0.4412026709325716,4,LOSS,739.6,0.12449126167105579,0.7890625,0.57421875,70.1666718,0.7053260010629533,8
sailaway2-factoryhover-s0,CENSORED,1200.0,0.0735873850197109,0.66796875,0.1953125,,1.9460983458823005,22,CENSORED,1200.0,0.15064794816414687,0.54296875,0.26953125,130.233337,1.2534587845807015,8
sailaway2-factoryhover-s1,CENSORED,1200.0,0.04126913689815842,0.61328125,0.19140625,,2.131240260396855,19,CENSORED,1200.0,0.1684950291395269,0.66015625,0.234375,130.5,0.8359476537557614,7
sailaway2-factoryship-s0,LOSS,1002.1,0.030965391621129327,0.328125,0.0078125,,1.4903052984766845,14,CENSORED,1200.0,0.3861702127659574,0.296875,0,80.1666718,0.8761642066368458,8
sailaway2-factoryship-s1,LOSS,1022.2,0.3709558823529412,0.2890625,0,,0.7915117606030062,7,LOSS,1141.6,0.5310720475365189,0.2890625,0,80.3000031,0.8372819400418147,7
